"SamAccountName","Name","EmailAddress","Title","Department","Company"
"Administrador","Administrador",,,,
"Invitado","Invitado",,,,
"ma","ma",,,,
"sshd","sshd",,,,
"krbtgt","krbtgt",,,,
"JuanH ","Juan Hernandez",,,,
"MariaS","Maria Suescun","marias@finetcompany.espana","Developer","Finanzas","finetcompany"
"SofiaS","Sofia Saez","sofias@finetcompany.espana","Administrator","Produccion","finetcompany"
"LauraE","Laura Escanes",,,,
"Lilia","Lilia","juanh@finetcompany.espana","Manager","Desarrollo","finetcompany"
"Miki","Miki",,,,
"JuanAntonio","JuanAntonio","juanA@finetcompany.espana",,,
"MiuraPrueba","MiuraE","miura@finetcompany.espana",,,
"HugoJ","HugoJ",,,,
"JinesH","JinesH",,,,
"SaraM","SaraM",,,,
"JuanjoH","JuanjoH",,,,
"IsaA","IsaA","IsaA@finetcompany.espana",,,
"JorgeL","JorgeL","JorgeL@finetcompany.espana",,,
"PipoH","PipiK","PipoJ@finetcompany.espana",,,
"NuriaR","NuriaR","NuriaR@finetcompany.espana",,,
"UrsulaC","Ursula Corbero",,,,
"MartaV","MartaV","MartaV@finetcompany.espana",,,
